200	https://estecapelli.com/
200	https://estecapelli.com/about-us
301	https://estecapelli.com/about-us/medical-director
301	https://estecapelli.com/about-us/medical-director/mehmet-hanifi-kutlar
200	https://estecapelli.com/about-us/our-doctors
200	https://estecapelli.com/about-us/our-doctors/mehmet-hanifi-kutlar
404	https://estecapelli.com/about-us/our-doctors/op-dr-ali-durmus
200	https://estecapelli.com/about-us/our-doctors/op-dr-hasan-celik
200	https://estecapelli.com/about-us/our-doctors/op-dr-mehmet-palali
200	https://estecapelli.com/about-us/our-doctors/op-dr-necdet-derici
200	https://estecapelli.com/about-us/our-team
200	https://estecapelli.com/asdasdasdas
200	https://estecapelli.com/before-after
200	https://estecapelli.com/blog
200	https://estecapelli.com/category/uncategorized
200	https://estecapelli.com/comments/feed
200	https://estecapelli.com/contact
200	https://estecapelli.com/dental-treatment
200	https://estecapelli.com/dental-treatment/dental-implant
200	https://estecapelli.com/dental-treatment/hollywood-smile
200	https://estecapelli.com/en
200	https://estecapelli.com/en/
200	https://estecapelli.com/en/about-us
301	https://estecapelli.com/en/about-us/medical-director
301	https://estecapelli.com/en/about-us/medical-director/mehmet-hanifi-kutlar
200	https://estecapelli.com/en/about-us/our-doctors
200	https://estecapelli.com/en/about-us/our-doctors/mehmet-hanifi-kutlar
301	https://estecapelli.com/en/about-us/our-doctors/op-dr-ali-durmus
200	https://estecapelli.com/en/about-us/our-doctors/op-dr-hasan-celik
200	https://estecapelli.com/en/about-us/our-doctors/op-dr-mehmet-palali
200	https://estecapelli.com/en/about-us/our-doctors/op-dr-necdet-derici
200	https://estecapelli.com/en/about-us/our-team
200	https://estecapelli.com/en/before-after
200	https://estecapelli.com/en/blog
200	https://estecapelli.com/en/contact
200	https://estecapelli.com/en/dental-treatment
200	https://estecapelli.com/en/dental-treatment/dental-implant
200	https://estecapelli.com/en/dental-treatment/hollywood-smile
200	https://estecapelli.com/en/hair-transplant
200	https://estecapelli.com/en/hair-transplant/beard-transplant
200	https://estecapelli.com/en/hair-transplant/dhi-hair-transplant
200	https://estecapelli.com/en/hair-transplant/exosome-fue-hair-transplant
200	https://estecapelli.com/en/hair-transplant/eyebrow-transplant
200	https://estecapelli.com/en/hair-transplant/female-hair-transplant
200	https://estecapelli.com/en/hair-transplant/hair-mesotherapy
200	https://estecapelli.com/en/hair-transplant/post-hair-transplant-period
200	https://estecapelli.com/en/hair-transplant/pre-hair-transplant-period
200	https://estecapelli.com/en/hair-transplant/sapphire-fue-hair-transplant
200	https://estecapelli.com/en/hair-transplant/tricholab
200	https://estecapelli.com/en/hair-transplant/vita-treatment
200	https://estecapelli.com/en/home
200	https://estecapelli.com/en/plastic-surgery
200	https://estecapelli.com/en/plastic-surgery/abdominoplasty-tummy-tuck
200	https://estecapelli.com/en/plastic-surgery/bbl
200	https://estecapelli.com/en/plastic-surgery/breast-aesthetics-breast-surgery
200	https://estecapelli.com/en/plastic-surgery/face-and-neck-lift-surgery
200	https://estecapelli.com/en/plastic-surgery/gynecomastia
200	https://estecapelli.com/en/plastic-surgery/liposuction
200	https://estecapelli.com/en/plastic-surgery/obesity-surgeries-bariatric-surgery-and-gastric-balloon
200	https://estecapelli.com/en/plastic-surgery/rhinoplasty
404	https://estecapelli.com/en/privacy-policy
404	https://estecapelli.com/en/terms
200	https://estecapelli.com/en/treatments/vita
200	https://estecapelli.com/en/tricholab
200	https://estecapelli.com/feed
200	https://estecapelli.com/hair-transplant
200	https://estecapelli.com/hair-transplant/beard-transplant
200	https://estecapelli.com/hair-transplant/dhi-hair-transplant
200	https://estecapelli.com/hair-transplant/exosome-fue-hair-transplant
200	https://estecapelli.com/hair-transplant/eyebrow-transplant
200	https://estecapelli.com/hair-transplant/female-hair-transplant
200	https://estecapelli.com/hair-transplant/hair-mesotherapy
200	https://estecapelli.com/hair-transplant/post-hair-transplant-period
200	https://estecapelli.com/hair-transplant/pre-hair-transplant-period
200	https://estecapelli.com/hair-transplant/sapphire-fue-hair-transplant
200	https://estecapelli.com/hair-transplant/tricholab
200	https://estecapelli.com/hair-transplant/vita-treatment
200	https://estecapelli.com/hello-world
200	https://estecapelli.com/home
200	https://estecapelli.com/plastic-surgery
200	https://estecapelli.com/plastic-surgery/abdominoplasty-tummy-tuck
200	https://estecapelli.com/plastic-surgery/bbl
200	https://estecapelli.com/plastic-surgery/breast-aesthetics-breast-surgery
200	https://estecapelli.com/plastic-surgery/face-and-neck-lift-surgery
200	https://estecapelli.com/plastic-surgery/gynecomastia
200	https://estecapelli.com/plastic-surgery/liposuction
200	https://estecapelli.com/plastic-surgery/obesity-surgeries-bariatric-surgery-and-gastric-balloon
200	https://estecapelli.com/plastic-surgery/rhinoplasty
200	https://estecapelli.com/treatments/vita
200	https://estecapelli.com/tricholab
200	https://estecapelli.com/wp-json
200	https://estecapelli.com/wp-json/wp/v2/doctor/420
200	https://estecapelli.com/wp-json/wp/v2/doctor/421
200	https://estecapelli.com/wp-json/wp/v2/doctor/422
200	https://estecapelli.com/wp-json/wp/v2/doctor/423
200	https://estecapelli.com/wp-json/wp/v2/doctor/424
200	https://estecapelli.com/wp-json/wp/v2/pages/39
200	https://estecapelli.com/wp-json/wp/v2/pages/40
200	https://estecapelli.com/wp-json/wp/v2/pages/41
200	https://estecapelli.com/wp-json/wp/v2/pages/46
200	https://estecapelli.com/wp-json/wp/v2/pages/48
200	https://estecapelli.com/wp-json/wp/v2/pages/481
200	https://estecapelli.com/wp-json/wp/v2/pages/482
200	https://estecapelli.com/wp-json/wp/v2/pages/483
200	https://estecapelli.com/wp-json/wp/v2/pages/49
200	https://estecapelli.com/wp-json/wp/v2/pages/50
200	https://estecapelli.com/wp-json/wp/v2/pages/51
200	https://estecapelli.com/wp-json/wp/v2/pages/52
200	https://estecapelli.com/wp-json/wp/v2/pages/89
200	https://estecapelli.com/wp-json/wp/v2/treatment/36
200	https://estecapelli.com/wp-json/wp/v2/treatment/37
200	https://estecapelli.com/wp-json/wp/v2/treatment/38
200	https://estecapelli.com/wp-json/wp/v2/treatment/54
200	https://estecapelli.com/wp-json/wp/v2/treatment/55
200	https://estecapelli.com/wp-json/wp/v2/treatment/57
200	https://estecapelli.com/wp-json/wp/v2/treatment/58
200	https://estecapelli.com/wp-json/wp/v2/treatment/59
200	https://estecapelli.com/wp-json/wp/v2/treatment/61
200	https://estecapelli.com/wp-json/wp/v2/treatment/62
200	https://estecapelli.com/wp-json/wp/v2/treatment/63
200	https://estecapelli.com/wp-json/wp/v2/treatment/64
200	https://estecapelli.com/wp-json/wp/v2/treatment/65
200	https://estecapelli.com/wp-json/wp/v2/treatment/66
200	https://estecapelli.com/wp-json/wp/v2/treatment/67
200	https://estecapelli.com/wp-json/wp/v2/treatment/68
200	https://estecapelli.com/wp-json/wp/v2/treatment/69
200	https://estecapelli.com/wp-json/wp/v2/treatment/70
200	https://estecapelli.com/wp-json/wp/v2/treatment/71
